Temperature,Oxygen,Humidity,Prediction
26.95254015709299,14.486084332498521,83.03666235596948,0
33.60757465489678,5.161019130497493,52.84755873714088,0
29.110535042865756,12.613219133715564,57.08403909928682,0